ndx,bestClass,bestProb
0,0,0.51387614
1,0,0.5973338
2,0,0.6138425
3,0,0.5334665
4,0,0.6731199
